team,Goal Average,Offensive Pass Accuracy,Pass Accuracy,Shot Accuracy
USA,1.6375,0.6860803727431567,0.7874717417591084,0.6124454148471615
